id,url,domain,category,auth_required,fetcher_tier,status_code,response_time_ms,content_length,content_quality,http_status,http_quality,http_time_ms,error
1,https://www.reddit.com/r/MachineLearning/comments/1h3g9kz/d_what_ml_papers_are_you_reading_this_week/,reddit.com,social_ai_blocked,no,stealth,200,4534,15074,success,200,empty,510,
2,https://www.reddit.com/r/LocalLLaMA/top/?t=month,reddit.com,social_ai_blocked,no,http,200,949,2616,partial,200,partial,949,
3,https://www.reddit.com/r/artificial/comments/1i2x5m7/,reddit.com,social_ai_blocked,no,stealth,200,4050,18364,success,200,empty,876,
4,https://stackoverflow.com/questions/44131164/how-to-correctly-use-async-await-with-axios,stackoverflow.com,social_ai_blocked,no,http,404,665,2355,partial,404,partial,665,
5,https://stackoverflow.com/questions/tagged/python?tab=newest,stackoverflow.com,social_ai_blocked,no,http,200,486,14374,success,200,success,486,
6,https://stackoverflow.com/questions/41063947/how-to-use-aiohttp-with-proxy,stackoverflow.com,social_ai_blocked,no,http,200,711,20298,success,200,success,711,
7,https://medium.com/@kozyrkov/what-is-ai-really-about-3a2e3b5f4d7e,medium.com,paywall_bot_detection,partial,http,200,716,1135,partial,200,partial,716,
8,https://towardsdatascience.com/understanding-transformers-in-depth-b6a3e2d0c8e2,medium.com,paywall_bot_detection,partial,http,404,648,2110,partial,404,partial,648,
9,https://medium.com/the-generator/the-complete-guide-to-building-ai-agents-2025-edition,medium.com,paywall_bot_detection,partial,http,200,583,1135,partial,200,partial,583,
10,https://www.bloomberg.com/news/articles/2025-05-15/ai-spending-hits-record-as-companies-race-to-deploy,bloomberg.com,hard_paywall,yes,http,403,289,698,partial,403,partial,289,
11,https://www.bloomberg.com/technology,bloomberg.com,hard_paywall,yes,http,403,259,698,partial,403,partial,259,
12,https://www.nytimes.com/2025/04/10/technology/ai-regulation-europe.html,nytimes.com,hard_paywall,yes,stealth,403,1948,11,blocked,403,blocked,271,
13,https://www.nytimes.com/2025/03/20/science/brain-computer-interface.html,nytimes.com,hard_paywall,yes,stealth,403,1999,11,blocked,403,blocked,206,
14,https://www.wsj.com/tech/ai/anthropic-claude-business-strategy,wsj.com,hard_paywall,yes,stealth,401,3400,7,blocked,401,blocked,292,
15,https://www.wsj.com/economy/jobs/remote-work-trends-2025,wsj.com,hard_paywall,yes,stealth,401,3277,7,blocked,401,blocked,260,
16,https://www.linkedin.com/pulse/future-ai-engineering-2025-trends,linkedin.com,auth_gated,yes,http,200,1623,4868,partial,200,partial,1623,
17,https://www.linkedin.com/in/yann-lecun/,linkedin.com,auth_gated,yes,stealth,200,2784,38855,blocked,200,blocked,1260,
18,https://www.instagram.com/p/CzX5mN2rKjL/,instagram.com,auth_gated,yes,stealth,200,2635,2105,partial,200,empty,536,
19,https://www.pinterest.com/search/pins/?q=system%20architecture%20diagram,pinterest.com,auth_gated,yes,stealth,200,3479,441,partial,200,empty,582,
20,https://www.glassdoor.com/Reviews/Anthropic-Reviews-E5765328.htm,glassdoor.com,auth_gated,yes,stealth,403,1731,3686,blocked,403,blocked,267,
21,https://x.com/AnthropicAI/status/1879935424754135407,x.com,cloudflare_protected,partial,stealth,200,5274,726,blocked,200,blocked,419,
22,https://x.com/kaboroevich/status/1880123456789012345,x.com,cloudflare_protected,partial,stealth,200,4258,726,blocked,200,blocked,337,
23,https://www.quora.com/What-is-the-best-way-to-learn-machine-learning,quora.com,cloudflare_protected,partial,stealth,200,2586,29022,blocked,200,blocked,1222,
24,https://arxiv.org/abs/2401.04088,arxiv.org,rate_limited,no,http,200,214,3767,success,200,success,214,
25,https://arxiv.org/abs/2310.06825,arxiv.org,rate_limited,no,http,200,272,3593,success,200,success,272,
26,https://arxiv.org/abs/2403.05530,arxiv.org,rate_limited,no,http,200,307,19342,success,200,success,307,
27,https://arxiv.org/abs/2312.11805,arxiv.org,rate_limited,no,http,200,440,22258,success,200,success,440,
28,https://docs.anthropic.com/en/docs/build-with-claude/prompt-engineering/overview,docs.anthropic.com,cloudflare_protected,no,http,200,1245,4613,success,200,success,1245,
29,https://docs.stripe.com/api/charges/create,docs.stripe.com,cloudflare_protected,no,http,200,2193,20207,success,200,success,2193,
30,https://docs.vercel.com/functions/serverless-functions,docs.vercel.com,cloudflare_protected,no,stealth,404,1286,134,empty,404,empty,269,
31,https://platform.openai.com/docs/api-reference/chat/create,platform.openai.com,cloudflare_protected,no,http,200,1109,55202,success,200,success,1109,
32,https://developer.nvidia.com/cuda-toolkit-archive,developer.nvidia.com,cloudflare_protected,no,http,200,1206,4069,partial,200,partial,1206,
33,https://huggingface.co/meta-llama/Llama-3.1-70B-Instruct,huggingface.co,js_rendered,no,http,200,856,25516,success,200,success,856,
34,https://huggingface.co/spaces/open-llm-leaderboard/open_llm_leaderboard,huggingface.co,js_rendered,no,stealth,200,4739,223,empty,200,empty,374,
35,https://paperswithcode.com/sota/image-classification-on-imagenet,paperswithcode.com,js_rendered,no,http,200,1287,36982,success,200,success,1287,
36,https://www.kaggle.com/datasets/Cornell-University/arxiv,kaggle.com,js_rendered,no,stealth,200,5895,7938,success,200,empty,430,
37,https://github.com/anthropics/anthropic-cookbook/blob/main/misc/prompt_caching.ipynb,github.com,baseline_accessible,no,http,200,1189,3144,partial,200,partial,1189,
38,https://en.wikipedia.org/wiki/Transformer_(deep_learning_architecture),wikipedia.org,baseline_accessible,no,http,200,380,67456,success,200,success,380,
39,https://docs.python.org/3/library/asyncio.html,docs.python.org,baseline_accessible,no,http,200,279,2651,partial,200,partial,279,
40,https://pytorch.org/docs/stable/generated/torch.nn.Transformer.html,pytorch.org,baseline_accessible,no,http,200,630,67800,success,200,success,630,
41,https://www.nature.com/articles/s41586-024-07487-w,nature.com,paywall_bot_detection,partial,http,200,1233,48911,success,200,success,1233,
42,https://www.sciencedirect.com/science/article/pii/S0004370224000249,sciencedirect.com,paywall_bot_detection,yes,http,403,1521,565,partial,403,partial,1521,
43,https://ieeexplore.ieee.org/document/10447835,ieeexplore.ieee.org,paywall_bot_detection,yes,http,200,538,736,partial,200,partial,538,
44,https://www.ft.com/content/ai-technology-investment-2025,ft.com,hard_paywall,yes,stealth,404,2096,53,empty,404,empty,776,
45,https://techcrunch.com/2025/05/01/ai-startup-funding-trends/,techcrunch.com,cloudflare_protected,no,http,404,675,3047,partial,404,partial,675,
46,https://arstechnica.com/ai/2025/04/latest-developments-in-llm-reasoning/,arstechnica.com,cloudflare_protected,no,stealth,404,1636,111,empty,404,empty,582,
47,https://www.wired.com/story/ai-agents-2025-reality-check/,wired.com,paywall_bot_detection,partial,http,404,2569,1346,partial,404,partial,2569,
48,https://news.ycombinator.com/item?id=39561356,news.ycombinator.com,baseline_accessible,no,http,200,1300,79604,success,200,success,1300,
49,https://openreview.net/forum?id=nZeVKeeFYf9,openreview.net,js_rendered,no,http,200,689,2537,partial,200,partial,689,
50,https://www.semanticscholar.org/paper/Attention-Is-All-You-Need-Vaswani-Shazeer/204e3073870fae3d05bcbc2f6a8e263d9b72e776,semanticscholar.org,js_rendered,no,stealth,202,1685,22,empty,202,empty,298,
