id,url,domain,category,auth_required,status_code,response_time_ms,content_length,content_quality,error
1,https://www.reddit.com/r/MachineLearning/comments/1h3g9kz/d_what_ml_papers_are_you_reading_this_week/,reddit.com,social_ai_blocked,no,200,410,373593,blocked,
2,https://www.reddit.com/r/LocalLLaMA/top/?t=month,reddit.com,social_ai_blocked,no,200,792,523461,blocked,
3,https://www.reddit.com/r/artificial/comments/1i2x5m7/,reddit.com,social_ai_blocked,no,200,470,373374,blocked,
4,https://stackoverflow.com/questions/44131164/how-to-correctly-use-async-await-with-axios,stackoverflow.com,social_ai_blocked,no,404,575,111182,content_retrieved,
5,https://stackoverflow.com/questions/tagged/python?tab=newest,stackoverflow.com,social_ai_blocked,no,200,401,241855,blocked,
6,https://stackoverflow.com/questions/41063947/how-to-use-aiohttp-with-proxy,stackoverflow.com,social_ai_blocked,no,200,474,392705,content_retrieved,
7,https://medium.com/@kozyrkov/what-is-ai-really-about-3a2e3b5f4d7e,medium.com,paywall_bot_detection,partial,200,777,90221,blocked,
8,https://towardsdatascience.com/understanding-transformers-in-depth-b6a3e2d0c8e2,medium.com,paywall_bot_detection,partial,404,569,26812,content_retrieved,
9,https://medium.com/the-generator/the-complete-guide-to-building-ai-agents-2025-edition,medium.com,paywall_bot_detection,partial,200,600,89645,blocked,
10,https://www.bloomberg.com/news/articles/2025-05-15/ai-spending-hits-record-as-companies-race-to-deploy,bloomberg.com,hard_paywall,yes,403,262,13854,blocked,
11,https://www.bloomberg.com/technology,bloomberg.com,hard_paywall,yes,403,211,13854,blocked,
12,https://www.nytimes.com/2025/04/10/technology/ai-regulation-europe.html,nytimes.com,hard_paywall,yes,404,520,107066,blocked,
13,https://www.nytimes.com/2025/03/20/science/brain-computer-interface.html,nytimes.com,hard_paywall,yes,404,734,107069,blocked,
14,https://www.wsj.com/tech/ai/anthropic-claude-business-strategy,wsj.com,hard_paywall,yes,404,543,403183,blocked,
15,https://www.wsj.com/economy/jobs/remote-work-trends-2025,wsj.com,hard_paywall,yes,404,516,403183,blocked,
16,https://www.linkedin.com/pulse/future-ai-engineering-2025-trends,linkedin.com,auth_gated,yes,200,799,98485,blocked,
17,https://www.linkedin.com/in/yann-lecun/,linkedin.com,auth_gated,yes,200,1206,447608,blocked,
18,https://www.instagram.com/p/CzX5mN2rKjL/,instagram.com,auth_gated,yes,200,732,116848,content_retrieved,
19,https://www.pinterest.com/search/pins/?q=system%20architecture%20diagram,pinterest.com,auth_gated,yes,200,447,84807,content_retrieved,
20,https://www.glassdoor.com/Reviews/Anthropic-Reviews-E5765328.htm,glassdoor.com,auth_gated,yes,403,284,17803,content_retrieved,
21,https://x.com/AnthropicAI/status/1879935424754135407,x.com,cloudflare_protected,partial,200,372,238083,blocked,
22,https://x.com/kaboroevich/status/1880123456789012345,x.com,cloudflare_protected,partial,200,354,238083,blocked,
23,https://www.quora.com/What-is-the-best-way-to-learn-machine-learning,quora.com,cloudflare_protected,partial,403,231,5749,content_retrieved,
24,https://arxiv.org/abs/2401.04088,arxiv.org,rate_limited,no,200,449,49739,content_retrieved,
25,https://arxiv.org/abs/2310.06825,arxiv.org,rate_limited,no,200,204,46507,content_retrieved,
26,https://arxiv.org/abs/2403.05530,arxiv.org,rate_limited,no,200,299,236900,content_retrieved,
27,https://arxiv.org/abs/2312.11805,arxiv.org,rate_limited,no,200,265,270847,content_retrieved,
28,https://docs.anthropic.com/en/docs/build-with-claude/prompt-engineering/overview,docs.anthropic.com,cloudflare_protected,no,200,1262,369764,blocked,
29,https://docs.stripe.com/api/charges/create,docs.stripe.com,cloudflare_protected,no,200,1856,1826826,blocked,
30,https://docs.vercel.com/functions/serverless-functions,docs.vercel.com,cloudflare_protected,no,404,278,1450,partial,
31,https://platform.openai.com/docs/api-reference/chat/create,platform.openai.com,cloudflare_protected,no,200,687,51279,content_retrieved,
32,https://developer.nvidia.com/cuda-toolkit-archive,developer.nvidia.com,cloudflare_protected,no,200,494,29515,content_retrieved,
33,https://huggingface.co/meta-llama/Llama-3.1-70B-Instruct,huggingface.co,js_rendered,no,200,547,353411,blocked,
34,https://huggingface.co/spaces/open-llm-leaderboard/open_llm_leaderboard,huggingface.co,js_rendered,no,200,287,40532,blocked,
35,https://paperswithcode.com/sota/image-classification-on-imagenet,paperswithcode.com,js_rendered,no,200,957,1434801,blocked,
36,https://www.kaggle.com/datasets/Cornell-University/arxiv,kaggle.com,js_rendered,no,200,332,5511,content_retrieved,
37,https://github.com/anthropics/anthropic-cookbook/blob/main/misc/prompt_caching.ipynb,github.com,baseline_accessible,no,200,858,220029,content_retrieved,
38,https://en.wikipedia.org/wiki/Transformer_(deep_learning_architecture),wikipedia.org,baseline_accessible,no,403,601,2050,content_retrieved,
39,https://docs.python.org/3/library/asyncio.html,docs.python.org,baseline_accessible,no,200,580,24565,content_retrieved,
40,https://pytorch.org/docs/stable/generated/torch.nn.Transformer.html,pytorch.org,baseline_accessible,no,200,751,476115,blocked,
41,https://www.nature.com/articles/s41586-024-07487-w,nature.com,paywall_bot_detection,partial,200,1017,614385,blocked,
42,https://www.sciencedirect.com/science/article/pii/S0004370224000249,sciencedirect.com,paywall_bot_detection,yes,404,597,108146,content_retrieved,
43,https://ieeexplore.ieee.org/document/10447835,ieeexplore.ieee.org,paywall_bot_detection,yes,200,1063,49368,content_retrieved,
44,https://www.ft.com/content/ai-technology-investment-2025,ft.com,hard_paywall,yes,404,389,1270,partial,
45,https://techcrunch.com/2025/05/01/ai-startup-funding-trends/,techcrunch.com,cloudflare_protected,no,404,1022,32306,content_retrieved,
46,https://arstechnica.com/ai/2025/04/latest-developments-in-llm-reasoning/,arstechnica.com,cloudflare_protected,no,404,898,1721,partial,
47,https://www.wired.com/story/ai-agents-2025-reality-check/,wired.com,paywall_bot_detection,partial,404,736,82438,content_retrieved,
48,https://news.ycombinator.com/item?id=39561356,news.ycombinator.com,baseline_accessible,no,200,1793,322699,content_retrieved,
49,https://openreview.net/forum?id=nZeVKeeFYf9,openreview.net,js_rendered,no,200,3444,47792,content_retrieved,
50,https://www.semanticscholar.org/paper/Attention-Is-All-You-Need-Vaswani-Shazeer/204e3073870fae3d05bcbc2f6a8e263d9b72e776,semanticscholar.org,js_rendered,no,202,239,2061,content_retrieved,
